{"cameraMode":{"drawMode":0,"name":"Shaded","section":"Shading Mode"},"sceneLighting":true,"audioPlay":false,"sceneViewState":{"showFog":true,"showMaterialUpdate":false,"showSkybox":true,"showFlares":true,"showImageEffects":true,"showParticleSystems":true},"in2DMode":false,"pivot":{"x":-53.69853973388672,"y":-65.66972351074219,"z":117.7417984008789},"rotation":{"x":-0.2615339756011963,"y":0.19718362390995027,"z":-0.05426041781902313,"w":-0.9435819387435913},"size":98.85953521728516,"orthographic":false}