{"cameraMode":{"drawMode":0,"name":"Shaded","section":"Shading Mode"},"sceneLighting":false,"audioPlay":false,"sceneViewState":{"showFog":true,"showMaterialUpdate":false,"showSkybox":false,"showFlares":true,"showImageEffects":true,"showParticleSystems":true},"in2DMode":false,"pivot":{"x":6.2885332107543949,"y":-2.199761390686035,"z":-1.1661840677261353},"rotation":{"x":-0.20292091369628907,"y":-0.7179743647575378,"z":0.23463550209999085,"w":-0.6236540079116821},"size":6.540767669677734,"orthographic":false}